LOC,VEH_SER_NO,POOL_CD,IDENT_SEQ,DATE_WORK,CHASSIS_LN_CD,SCH_MDL_TYPE,CTRY_CD,POOL_TRIG_TYPE,CLM_UNT_QTY,LID,TS_LOAD,PGM_ID
017,JB7998,01,6612610,2016-06-01 00:00:00.000,A,MM,203,CHAS START,1,JF11647,2016-06-01 01:20:23.770,SVXINPUP
017,HZ3842,01,6612613,2016-06-01 00:00:00.000,A,MM,203,CHAS START,1,JF11647,2016-06-01 01:20:24.027,SVXINPUP
017,HW2711,01,6612612,2016-06-01 00:00:00.000,A,MM,203,CHAS START,1,JF11647,2016-06-01 01:20:23.990,SVXINPUP
017,JB8040,01,6612611,2016-06-01 00:00:00.000,A,MM,203,CHAS START,1,JF11647,2016-06-01 01:20:23.803,SVXINPUP
017,JB6838,01,6612615,2016-06-01 00:00:00.000,A,CT,203,CHAS START,1,JF11647,2016-06-01 01:20:24.063,SVXINPUP
017,HW2741,01,6612614,2016-06-01 00:00:00.000,A,MM,203,CHAS START,1,JF11647,2016-06-01 01:20:24.053,SVXINPUP
017,JB8301,01,6612628,2016-06-01 00:00:00.000,A,CT,203,CHAS START,1,JF11647,2016-06-01 01:20:39.597,SVXINPUP
017,JB8276,01,6612627,2016-06-01 00:00:00.000,A,MM,203,CHAS START,1,JF11647,2016-06-01 01:20:39.587,SVXINPUP
017,HX7148,01,6612626,2016-06-01 00:00:00.000,A,CT,000,CHAS START,1,JF11647,2016-06-01 01:20:39.547,SVXINPUP
017,JB5300,01,6612625,2016-06-01 00:00:00.000,A,MM,203,CHAS START,1,JF11647,2016-06-01 01:20:39.547,SVXINPUP
017,JB6839,01,6612624,2016-06-01 00:00:00.000,A,CT,203,CHAS START,1,JF11647,2016-06-01 01:20:39.543,SVXINPUP
017,JB5299,01,6612623,2016-06-01 00:00:00.000,A,MM,203,CHAS START,1,JF11647,2016-06-01 01:20:39.540,SVXINPUP
017,HZ3928,01,6612622,2016-06-01 00:00:00.000,A,MM,203,CHAS START,1,JF11647,2016-06-01 01:20:39.527,SVXINPUP
017,HW1715,01,6612621,2016-06-01 00:00:00.000,A,CT,000,CHAS START,1,JF11647,2016-06-01 01:20:39.503,SVXINPUP
017,JB2289,01,6612620,2016-06-01 00:00:00.000,A,MM,203,CHAS START,1,JF11647,2016-06-01 01:20:39.477,SVXINPUP
017,HW4127,01,6612619,2016-06-01 00:00:00.000,A,MM,203,CHAS START,1,JF11647,2016-06-01 01:20:39.427,SVXINPUP
017,JB7102,01,6612618,2016-06-01 00:00:00.000,A,CT,203,CHAS START,1,JF11647,2016-06-01 01:20:39.410,SVXINPUP
017,HT3028,01,6612617,2016-06-01 00:00:00.000,A,MM,203,CHAS START,1,JF11647,2016-06-01 01:20:39.363,SVXINPUP
017,JB5298,01,6612616,2016-06-01 00:00:00.000,A,MM,203,CHAS START,1,JF11647,2016-06-01 01:20:39.260,SVXINPUP
017,JB8048,01,6612629,2016-06-01 00:00:00.000,A,MM,203,CHAS START,1,JF11647,2016-06-01 01:20:39.603,SVXINPUP
017,HW2684,DL,6612739,2016-06-01 00:00:00.000,A,MM,203,VEH DLVRY,1,LCARRIE,2016-06-01 03:50:41.747,SVXINPUP
017,JB8326,03,6612747,2016-06-01 00:00:00.000,A,CT,000,CHAS COMPL,1,APMTHMS,2016-06-01 03:56:37.863,SVXINPUP
017,JB8027,03,6612802,2016-06-01 00:00:00.000,A,CT,203,CHAS COMPL,1,APMTHMS,2016-06-01 04:35:10.803,SVXINPUP
017,JB5035,DL,6612798,2016-06-01 00:00:00.000,A,MM,203,VEH DLVRY,1,JF05492,2016-06-01 04:33:21.653,SVXINPUP
017,JB8271,DL,6612796,2016-06-01 00:00:00.000,A,MM,203,VEH DLVRY,1,YROBERT,2016-06-01 04:32:38.667,SVXINPUP
017,JB3101,DL,6612795,2016-06-01 00:00:00.000,A,MM,203,VEH DLVRY,1,JF04439,2016-06-01 04:32:37.873,SVXINPUP
017,HZ3927,03,6612794,2016-06-01 00:00:00.000,A,MM,203,CHAS COMPL,1,APMTHMS,2016-06-01 04:32:10.667,SVXINPUP
017,HV2479,03,6612767,2016-06-01 00:00:00.000,A,CT,203,CHAS COMPL,1,APMTHMS,2016-06-01 04:17:10.783,SVXINPUP
017,HW4124,03,6612761,2016-06-01 00:00:00.000,A,MM,203,CHAS COMPL,1,APMTHMS,2016-06-01 04:14:10.997,SVXINPUP
017,JB8039,DL,6612818,2016-06-01 00:00:00.000,A,MM,203,VEH DLVRY,1,JMH0116,2016-06-01 04:45:30.583,SVXINPUP
017,JB8055,DL,6612894,2016-06-01 00:00:00.000,A,MM,000,VEH DLVRY,1,JF04439,2016-06-01 05:02:28.050,SVXINPUP
017,HW4120,03,6612893,2016-06-01 00:00:00.000,A,MM,203,CHAS COMPL,1,APMTHMS,2016-06-01 05:02:11.253,SVXINPUP
017,JA5180,DL,6612887,2016-06-01 00:00:00.000,A,MM,203,VEH DLVRY,1,LCARRIE,2016-06-01 04:57:14.047,SVXINPUP
017,HZ3811,DL,6612882,2016-06-01 00:00:00.000,A,MM,203,VEH DLVRY,1,JF05492,2016-06-01 04:56:32.003,SVXINPUP
017,JB5297,03,6612880,2016-06-01 00:00:00.000,A,MM,203,CHAS COMPL,1,APMTHMS,2016-06-01 04:56:11.303,SVXINPUP
017,JB8423,03,6612933,2016-06-01 00:00:00.000,A,CT,203,CHAS COMPL,1,APMTHMS,2016-06-01 05:14:10.660,SVXINPUP
017,HW2736,03,6612921,2016-06-01 00:00:00.000,A,MM,203,CHAS COMPL,1,APMTHMS,2016-06-01 05:08:37.257,SVXINPUP
017,HX6723,DL,6612938,2016-06-01 00:00:00.000,A,MM,203,VEH DLVRY,1,JF05492,2016-06-01 05:19:09.250,SVXINPUP
017,HZ3841,03,6612946,2016-06-01 00:00:00.000,A,MM,203,CHAS COMPL,1,APMTHMS,2016-06-01 05:26:11.357,SVXINPUP
017,HZ9962,DL,6612956,2016-06-01 00:00:00.000,A,MM,203,VEH DLVRY,1,JF04439,2016-06-01 05:29:30.267,SVXINPUP
017,JA6233,DL,6612966,2016-06-01 00:00:00.000,A,MM,203,VEH DLVRY,1,JF05492,2016-06-01 05:35:46.843,SVXINPUP
017,JB6834,03,6612965,2016-06-01 00:00:00.000,A,CT,203,CHAS COMPL,1,APMTHMS,2016-06-01 05:35:13.337,SVXINPUP
017,JB3537,DL,6612964,2016-06-01 00:00:00.000,A,MM,203,VEH DLVRY,1,YROBERT,2016-06-01 05:34:46.037,SVXINPUP
017,HX6720,03,6612980,2016-06-01 00:00:00.000,A,MM,203,CHAS COMPL,1,APMTHMS,2016-06-01 05:44:09.667,SVXINPUP
017,HW4121,DL,6613038,2016-06-01 00:00:00.000,A,MM,203,VEH DLVRY,1,JF04439,2016-06-01 06:19:25.680,SVXINPUP
017,HY3288,03,6613026,2016-06-01 00:00:00.000,A,CT,203,CHAS COMPL,1,APMTHMS,2016-06-01 06:14:29.787,SVXINPUP
017,HV2480,03,6613025,2016-06-01 00:00:00.000,A,CT,203,CHAS COMPL,1,APMTHMS,2016-06-01 06:14:10.417,SVXINPUP
017,HW9390,DL,6613014,2016-06-01 00:00:00.000,A,MM,203,VEH DLVRY,1,JMH0116,2016-06-01 06:04:42.580,SVXINPUP
017,JB2550,DL,6613011,2016-06-01 00:00:00.000,A,CT,203,VEH DLVRY,1,JMH0116,2016-06-01 06:03:34.930,SVXINPUP
017,HW9388,03,6613008,2016-06-01 00:00:00.000,A,MM,203,CHAS COMPL,1,APMTHMS,2016-06-01 06:02:24.950,SVXINPUP
017,JB5611,DL,6613006,2016-06-01 00:00:00.000,A,MM,203,VEH DLVRY,1,YROBERT,2016-06-01 06:01:00.383,SVXINPUP
017,HX5689,DL,6613003,2016-06-01 00:00:00.000,A,MM,000,VEH DLVRY,1,LCARRIE,2016-06-01 05:59:41.170,SVXINPUP
017,HW3319,DL,6613000,2016-06-01 00:00:00.000,A,MM,203,VEH DLVRY,1,LCARRIE,2016-06-01 05:58:56.677,SVXINPUP
017,HW2735,DL,6612998,2016-06-01 00:00:00.000,A,MM,203,VEH DLVRY,1,LCARRIE,2016-06-01 05:58:45.187,SVXINPUP
017,JA5179,DL,6612996,2016-06-01 00:00:00.000,A,MM,203,VEH DLVRY,1,LCARRIE,2016-06-01 05:58:18.797,SVXINPUP
017,JB8448,03,6612993,2016-06-01 00:00:00.000,A,MM,203,CHAS COMPL,1,APMTHMS,2016-06-01 05:56:29.310,SVXINPUP
017,JB8272,03,6612992,2016-06-01 00:00:00.000,A,MM,203,CHAS COMPL,1,APMTHMS,2016-06-01 05:56:10.753,SVXINPUP
017,JB6835,03,6613103,2016-06-01 00:00:00.000,A,CT,203,CHAS COMPL,1,APMTHMS,2016-06-01 06:44:22.623,SVXINPUP
017,HW9392,DL,6613088,2016-06-01 00:00:00.000,A,MM,203,VEH DLVRY,1,LCARRIE,2016-06-01 06:42:58.020,SVXINPUP
017,JB6818,03,6613065,2016-06-01 00:00:00.000,A,MM,203,CHAS COMPL,1,APMTHMS,2016-06-01 06:38:10.893,SVXINPUP
017,HZ4337,DL,6613055,2016-06-01 00:00:00.000,A,CT,203,VEH DLVRY,1,JF05492,2016-06-01 06:31:41.347,SVXINPUP
017,JB8516,03,6613125,2016-06-01 00:00:00.000,A,MM,999,CHAS COMPL,1,APMTHMS,2016-06-01 06:47:18.137,SVXINPUP
017,HW9391,DL,6613158,2016-06-01 00:00:00.000,A,MM,203,VEH DLVRY,1,YROBERT,2016-06-01 06:51:13.243,SVXINPUP
017,JB3538,03,6613156,2016-06-01 00:00:00.000,A,MM,203,CHAS COMPL,1,APMTHMS,2016-06-01 06:50:18.667,SVXINPUP
017,JB6854,DL,6613197,2016-06-01 00:00:00.000,A,CT,203,VEH DLVRY,1,JF05492,2016-06-01 07:16:19.737,SVXINPUP
017,JB3536,DL,6613195,2016-06-01 00:00:00.000,A,MM,203,VEH DLVRY,1,JF04439,2016-06-01 07:15:48.527,SVXINPUP
017,JB7098,03,6613187,2016-06-01 00:00:00.000,A,CT,203,CHAS COMPL,1,APMTHMS,2016-06-01 07:11:14.370,SVXINPUP
017,HZ3839,03,6613185,2016-06-01 00:00:00.000,A,MM,203,CHAS COMPL,1,APMTHMS,2016-06-01 07:08:32.247,SVXINPUP
017,HW9393,03,6613183,2016-06-01 00:00:00.000,A,MM,203,CHAS COMPL,1,APMTHMS,2016-06-01 07:08:12.423,SVXINPUP
017,HW4130,03,6613224,2016-06-01 00:00:00.000,A,MM,203,CHAS COMPL,1,APMTHMS,2016-06-01 07:32:11.480,SVXINPUP
017,JB7793,DL,6613222,2016-06-01 00:00:00.000,A,MM,203,VEH DLVRY,1,JF05492,2016-06-01 07:30:27.970,SVXINPUP
017,HW2685,03,6613216,2016-06-01 00:00:00.000,A,MM,203,CHAS COMPL,1,APMTHMS,2016-06-01 07:26:32.997,SVXINPUP
017,JB8067,03,6613230,2016-06-01 00:00:00.000,A,MM,203,CHAS COMPL,1,APMTHMS,2016-06-01 07:35:31.727,SVXINPUP
017,JB8275,03,6613253,2016-06-01 00:00:00.000,A,MM,203,CHAS COMPL,1,APMTHMS,2016-06-01 07:51:07.870,SVXINPUP
017,JB5230,03,6613251,2016-06-01 00:00:00.000,A,CT,203,CHAS COMPL,1,APMTHMS,2016-06-01 07:50:44.180,SVXINPUP
017,HZ3840,DL,6613258,2016-06-01 00:00:00.000,A,MM,203,VEH DLVRY,1,YROBERT,2016-06-01 07:55:49.490,SVXINPUP
017,HW9389,DL,6613256,2016-06-01 00:00:00.000,A,MM,203,VEH DLVRY,1,LCARRIE,2016-06-01 07:53:16.290,SVXINPUP
017,HW3321,03,6613262,2016-06-01 00:00:00.000,A,MM,203,CHAS COMPL,1,APMTHMS,2016-06-01 07:59:11.443,SVXINPUP
017,JB8270,03,6613263,2016-06-01 00:00:00.000,A,CT,000,CHAS COMPL,1,APMTHMS,2016-06-01 07:59:34.073,SVXINPUP
017,JB8515,DL,6613277,2016-06-01 00:00:00.000,A,MM,999,VEH DLVRY,1,JMH0116,2016-06-01 08:05:21.697,SVXINPUP
017,HX6724,DL,6613303,2016-06-01 00:00:00.000,A,MM,203,VEH DLVRY,1,LCARRIE,2016-06-01 08:18:11.470,SVXINPUP
017,HW4119,DL,6613300,2016-06-01 00:00:00.000,A,MM,203,VEH DLVRY,1,JF05492,2016-06-01 08:16:32.743,SVXINPUP
017,HW0271,03,6613336,2016-06-01 00:00:00.000,A,CT,203,CHAS COMPL,1,APMTHMS,2016-06-01 08:53:21.847,SVXINPUP
017,HX6725,03,6613338,2016-06-01 00:00:00.000,A,MM,203,CHAS COMPL,1,APMTHMS,2016-06-01 08:53:43.257,SVXINPUP
017,HW2738,03,6613357,2016-06-01 00:00:00.000,A,MM,203,CHAS COMPL,1,APMTHMS,2016-06-01 09:11:13.247,SVXINPUP
017,JB4937,03,6613355,2016-06-01 00:00:00.000,A,MM,203,CHAS COMPL,1,APMTHMS,2016-06-01 09:08:11.903,SVXINPUP
017,HW2686,03,6613369,2016-06-01 00:00:00.000,A,MM,203,CHAS COMPL,1,APMTHMS,2016-06-01 09:20:13.773,SVXINPUP
017,HZ4338,DL,6613387,2016-06-01 00:00:00.000,A,CT,203,VEH DLVRY,1,YROBERT,2016-06-01 09:34:30.830,SVXINPUP
017,HH6653,03,6613375,2016-06-01 00:00:00.000,A,MM,203,CHAS COMPL,1,APMTHMS,2016-06-01 09:26:13.033,SVXINPUP
017,HW9387,DL,6613400,2016-06-01 00:00:00.000,A,MM,203,VEH DLVRY,1,JF05492,2016-06-01 09:45:10.167,SVXINPUP
017,JB7099,03,6613396,2016-06-01 00:00:00.000,A,CT,203,CHAS COMPL,1,APMTHMS,2016-06-01 09:41:15.477,SVXINPUP
017,JB3630,DL,6613392,2016-06-01 00:00:00.000,A,MM,203,VEH DLVRY,1,LCARRIE,2016-06-01 09:39:07.867,SVXINPUP
017,HW4125,03,6613410,2016-06-01 00:00:00.000,A,MM,203,CHAS COMPL,1,APMTHMS,2016-06-01 09:50:11.893,SVXINPUP
017,JB6833,DL,6613424,2016-06-01 00:00:00.000,A,CT,203,VEH DLVRY,1,JF05492,2016-06-01 09:58:20.077,SVXINPUP
017,JB6837,DL,6613422,2016-06-01 00:00:00.000,A,CT,203,VEH DLVRY,1,JF04439,2016-06-01 09:57:44.277,SVXINPUP
017,JB7183,03,6613419,2016-06-01 00:00:00.000,A,MM,203,CHAS COMPL,1,APMTHMS,2016-06-01 09:56:16.060,SVXINPUP
017,JB7136,DL,6613416,2016-06-01 00:00:00.000,A,CT,203,VEH DLVRY,1,JMH0116,2016-06-01 09:54:44.527,SVXINPUP
017,HW2739,03,6613446,2016-06-01 00:00:00.000,A,MM,203,CHAS COMPL,1,APMTHMS,2016-06-01 10:08:11.453,SVXINPUP
017,HH6654,03,6613470,2016-06-01 00:00:00.000,A,MM,203,CHAS COMPL,1,APMTHMS,2016-06-01 10:20:12.723,SVXINPUP
017,HW2734,DL,6613487,2016-06-01 00:00:00.000,A,MM,203,VEH DLVRY,-1,YROBERT,2016-06-01 10:27:28.047,SVXINPUP
017,HW2734,DL,6613484,2016-06-01 00:00:00.000,A,MM,203,VEH DLVRY,1,YROBERT,2016-06-01 10:26:36.647,SVXINPUP
017,JB8066,DL,6613481,2016-06-01 00:00:00.000,A,CT,203,VEH DLVRY,1,JF05492,2016-06-01 10:24:47.950,SVXINPUP
017,JA5761,03,6613478,2016-06-01 00:00:00.000,A,CT,203,CHAS COMPL,1,APMTHMS,2016-06-01 10:23:19.410,SVXINPUP
017,HW2687,03,6613507,2016-06-01 00:00:00.000,A,MM,203,CHAS COMPL,1,MSTINES,2016-06-01 10:39:28.623,SVXINPUP
017,JB9780,32,6613517,2016-06-01 00:00:00.000,A,MM,203,CAB START,1,DINSCOE,2016-06-01 10:43:36.740,SVXINPUP
017,HZ0153,32,6613515,2016-06-01 00:00:00.000,A,MM,203,CAB START,1,DINSCOE,2016-06-01 10:42:18.743,SVXINPUP
017,JB5218,DL,6613514,2016-06-01 00:00:00.000,A,MM,203,VEH DLVRY,1,JF04439,2016-06-01 10:42:02.800,SVXINPUP
017,HW3310,32,6613535,2016-06-01 00:00:00.000,A,MM,203,CAB START,1,DINSCOE,2016-06-01 10:43:36.967,SVXINPUP
017,JB4871,32,6613534,2016-06-01 00:00:00.000,A,MM,203,CAB START,1,DINSCOE,2016-06-01 10:43:36.963,SVXINPUP
017,JB9782,32,6613532,2016-06-01 00:00:00.000,A,MM,203,CAB START,1,DINSCOE,2016-06-01 10:43:36.940,SVXINPUP
017,JB9912,32,6613531,2016-06-01 00:00:00.000,A,MM,203,CAB START,1,DINSCOE,2016-06-01 10:43:36.927,SVXINPUP
017,HZ5903,32,6613530,2016-06-01 00:00:00.000,A,MM,203,CAB START,1,DINSCOE,2016-06-01 10:43:36.920,SVXINPUP
017,JB4870,32,6613529,2016-06-01 00:00:00.000,A,MM,203,CAB START,1,DINSCOE,2016-06-01 10:43:36.917,SVXINPUP
017,JA8929,32,6613528,2016-06-01 00:00:00.000,A,MM,000,CAB START,1,DINSCOE,2016-06-01 10:43:36.913,SVXINPUP
017,JB8098,32,6613527,2016-06-01 00:00:00.000,A,MM,203,CAB START,1,DINSCOE,2016-06-01 10:43:36.897,SVXINPUP
017,JB4869,32,6613525,2016-06-01 00:00:00.000,A,MM,203,CAB START,1,DINSCOE,2016-06-01 10:43:36.860,SVXINPUP
017,HZ0145,32,6613524,2016-06-01 00:00:00.000,A,MM,203,CAB START,1,DINSCOE,2016-06-01 10:43:36.853,SVXINPUP
017,HW3309,32,6613523,2016-06-01 00:00:00.000,A,MM,203,CAB START,1,DINSCOE,2016-06-01 10:43:36.837,SVXINPUP
017,JB9781,32,6613521,2016-06-01 00:00:00.000,A,MM,203,CAB START,1,DINSCOE,2016-06-01 10:43:36.820,SVXINPUP
017,JA5218,32,6613520,2016-06-01 00:00:00.000,A,MM,203,CAB START,1,DINSCOE,2016-06-01 10:43:36.797,SVXINPUP
017,JA8928,32,6613519,2016-06-01 00:00:00.000,A,MM,000,CAB START,1,DINSCOE,2016-06-01 10:43:36.787,SVXINPUP
017,HZ5902,32,6613518,2016-06-01 00:00:00.000,A,MM,203,CAB START,1,DINSCOE,2016-06-01 10:43:36.767,SVXINPUP
017,JA8931,32,6613553,2016-06-01 00:00:00.000,A,MM,000,CAB START,1,DINSCOE,2016-06-01 10:44:09.777,SVXINPUP
017,JB8837,32,6613552,2016-06-01 00:00:00.000,A,MM,203,CAB START,1,DINSCOE,2016-06-01 10:44:09.767,SVXINPUP
017,JB9789,32,6613551,2016-06-01 00:00:00.000,A,MM,203,CAB START,1,DINSCOE,2016-06-01 10:44:09.757,SVXINPUP
017,HL6127,32,6613550,2016-06-01 00:00:00.000,A,MM,203,CAB START,1,DINSCOE,2016-06-01 10:44:09.727,SVXINPUP
017,JB9788,32,6613549,2016-06-01 00:00:00.000,A,MM,203,CAB START,1,DINSCOE,2016-06-01 10:44:09.727,SVXINPUP
017,JB9341,32,6613548,2016-06-01 00:00:00.000,A,MM,203,CAB START,1,DINSCOE,2016-06-01 10:44:09.723,SVXINPUP
017,JB9787,32,6613547,2016-06-01 00:00:00.000,A,MM,203,CAB START,1,DINSCOE,2016-06-01 10:44:09.710,SVXINPUP
017,JB9300,32,6613546,2016-06-01 00:00:00.000,A,MM,203,CAB START,1,DINSCOE,2016-06-01 10:44:09.677,SVXINPUP
017,JB9786,32,6613545,2016-06-01 00:00:00.000,A,MM,203,CAB START,1,DINSCOE,2016-06-01 10:43:37.157,SVXINPUP
017,HZ8153,32,6613544,2016-06-01 00:00:00.000,A,MM,203,CAB START,1,DINSCOE,2016-06-01 10:43:37.147,SVXINPUP
017,HZ5904,32,6613543,2016-06-01 00:00:00.000,A,MM,203,CAB START,1,DINSCOE,2016-06-01 10:43:37.140,SVXINPUP
017,JB9785,32,6613542,2016-06-01 00:00:00.000,A,MM,203,CAB START,1,DINSCOE,2016-06-01 10:43:37.137,SVXINPUP
017,JB9784,32,6613541,2016-06-01 00:00:00.000,A,MM,203,CAB START,1,DINSCOE,2016-06-01 10:43:37.127,SVXINPUP
017,JA8930,32,6613539,2016-06-01 00:00:00.000,A,MM,000,CAB START,1,DINSCOE,2016-06-01 10:43:36.987,SVXINPUP
017,JB9783,32,6613538,2016-06-01 00:00:00.000,A,MM,203,CAB START,1,DINSCOE,2016-06-01 10:43:36.983,SVXINPUP
017,JB4872,32,6613536,2016-06-01 00:00:00.000,A,MM,203,CAB START,1,DINSCOE,2016-06-01 10:43:36.970,SVXINPUP
017,JB5218,DL,6613643,2016-06-01 00:00:00.000,A,MM,203,VEH DLVRY,-1,JF04439,2016-06-01 10:55:45.713,SVXINPUP
017,JB8422,DL,6613670,2016-06-01 00:00:00.000,A,CT,203,VEH DLVRY,1,JF04439,2016-06-01 10:59:54.917,SVXINPUP
017,JB5218,DL,6613814,2016-06-01 00:00:00.000,A,MM,203,VEH DLVRY,1,VIHART,2016-06-01 11:42:04.660,SVXINPUP
017,JB3628,DL,6613811,2016-06-01 00:00:00.000,A,MM,203,VEH DLVRY,1,VIHART,2016-06-01 11:41:47.463,SVXINPUP
017,HW2734,DL,6613810,2016-06-01 00:00:00.000,A,MM,203,VEH DLVRY,1,VIHART,2016-06-01 11:41:34.793,SVXINPUP
017,HW2683,DL,6613820,2016-06-01 00:00:00.000,A,MM,203,VEH DLVRY,1,VIHART,2016-06-01 11:43:19.077,SVXINPUP
017,HZ0247,DL,6613818,2016-06-01 00:00:00.000,A,MM,203,VEH DLVRY,1,VIHART,2016-06-01 11:42:32.573,SVXINPUP
017,JB7184,01,6613955,2016-06-01 00:00:00.000,A,MM,203,CHAS START,1,CCURREN,2016-06-01 12:19:35.820,SVXINPUP
017,HW4128,01,6613960,2016-06-01 00:00:00.000,A,MM,203,CHAS START,1,CCURREN,2016-06-01 12:19:35.957,SVXINPUP
017,JB8670,01,6613959,2016-06-01 00:00:00.000,A,MM,203,CHAS START,1,CCURREN,2016-06-01 12:19:35.947,SVXINPUP
017,JB6840,01,6613957,2016-06-01 00:00:00.000,A,CT,203,CHAS START,1,CCURREN,2016-06-01 12:19:35.883,SVXINPUP
017,HZ3843,01,6613956,2016-06-01 00:00:00.000,A,MM,203,CHAS START,1,CCURREN,2016-06-01 12:19:35.857,SVXINPUP
017,JB8105,01,6613966,2016-06-01 00:00:00.000,A,MM,000,CHAS START,1,CCURREN,2016-06-01 12:19:36.067,SVXINPUP
017,HZ3929,01,6613965,2016-06-01 00:00:00.000,A,MM,203,CHAS START,1,CCURREN,2016-06-01 12:19:36.050,SVXINPUP
017,JB7103,01,6613964,2016-06-01 00:00:00.000,A,CT,203,CHAS START,1,CCURREN,2016-06-01 12:19:36.040,SVXINPUP
017,JB8602,01,6613963,2016-06-01 00:00:00.000,A,MM,203,CHAS START,1,CCURREN,2016-06-01 12:19:36.027,SVXINPUP
017,JB8517,01,6613962,2016-06-01 00:00:00.000,A,MM,999,CHAS START,1,CCURREN,2016-06-01 12:19:36.010,SVXINPUP
017,JB8521,01,6613996,2016-06-01 00:00:00.000,A,MM,999,CHAS START,1,CCURREN,2016-06-01 12:20:05.757,SVXINPUP
017,JB8425,01,6613995,2016-06-01 00:00:00.000,A,CT,203,CHAS START,1,CCURREN,2016-06-01 12:20:05.753,SVXINPUP
017,JB8106,01,6613994,2016-06-01 00:00:00.000,A,MM,000,CHAS START,1,CCURREN,2016-06-01 12:20:05.747,SVXINPUP
017,JB7473,01,6613993,2016-06-01 00:00:00.000,A,CT,203,CHAS START,1,CCURREN,2016-06-01 12:20:05.723,SVXINPUP
017,JB8482,01,6613991,2016-06-01 00:00:00.000,A,MM,000,CHAS START,1,CCURREN,2016-06-01 12:19:36.287,SVXINPUP
017,HW4132,01,6613990,2016-06-01 00:00:00.000,A,MM,203,CHAS START,1,CCURREN,2016-06-01 12:19:36.273,SVXINPUP
017,JB8446,01,6613989,2016-06-01 00:00:00.000,A,MM,203,CHAS START,1,CCURREN,2016-06-01 12:19:36.270,SVXINPUP
017,JB8424,01,6613988,2016-06-01 00:00:00.000,A,CT,203,CHAS START,1,CCURREN,2016-06-01 12:19:36.260,SVXINPUP
017,JB8034,01,6613987,2016-06-01 00:00:00.000,A,MM,203,CHAS START,1,CCURREN,2016-06-01 12:19:36.253,SVXINPUP
017,HZ3845,01,6613986,2016-06-01 00:00:00.000,A,MM,203,CHAS START,1,CCURREN,2016-06-01 12:19:36.247,SVXINPUP
017,JB7460,01,6613985,2016-06-01 00:00:00.000,A,CT,203,CHAS START,1,CCURREN,2016-06-01 12:19:36.243,SVXINPUP
017,HX6721,01,6613984,2016-06-01 00:00:00.000,A,MM,203,CHAS START,1,CCURREN,2016-06-01 12:19:36.237,SVXINPUP
017,HY3289,01,6613983,2016-06-01 00:00:00.000,A,CT,203,CHAS START,1,CCURREN,2016-06-01 12:19:36.213,SVXINPUP
017,JB8520,01,6613982,2016-06-01 00:00:00.000,A,MM,999,CHAS START,1,CCURREN,2016-06-01 12:19:36.210,SVXINPUP
017,JB8519,01,6613980,2016-06-01 00:00:00.000,A,MM,999,CHAS START,1,CCURREN,2016-06-01 12:19:36.203,SVXINPUP
017,HX6727,01,6613979,2016-06-01 00:00:00.000,A,MM,203,CHAS START,1,CCURREN,2016-06-01 12:19:36.187,SVXINPUP
017,JB6812,01,6613978,2016-06-01 00:00:00.000,A,MM,203,CHAS START,1,CCURREN,2016-06-01 12:19:36.180,SVXINPUP
017,JB8518,01,6613977,2016-06-01 00:00:00.000,A,MM,999,CHAS START,1,CCURREN,2016-06-01 12:19:36.173,SVXINPUP
017,JB8302,01,6613976,2016-06-01 00:00:00.000,A,CT,203,CHAS START,1,CCURREN,2016-06-01 12:19:36.167,SVXINPUP
017,HW4131,01,6613975,2016-06-01 00:00:00.000,A,MM,203,CHAS START,1,CCURREN,2016-06-01 12:19:36.160,SVXINPUP
017,JB7673,01,6613973,2016-06-01 00:00:00.000,A,MM,203,CHAS START,1,CCURREN,2016-06-01 12:19:36.137,SVXINPUP
017,HZ3844,01,6613972,2016-06-01 00:00:00.000,A,MM,203,CHAS START,1,CCURREN,2016-06-01 12:19:36.130,SVXINPUP
017,JB7807,01,6613970,2016-06-01 00:00:00.000,A,CT,203,CHAS START,1,CCURREN,2016-06-01 12:19:36.103,SVXINPUP
017,JB8478,01,6613969,2016-06-01 00:00:00.000,A,MM,203,CHAS START,1,CCURREN,2016-06-01 12:19:36.093,SVXINPUP
017,JB8603,01,6613968,2016-06-01 00:00:00.000,A,MM,203,CHAS START,1,CCURREN,2016-06-01 12:19:36.090,SVXINPUP
017,JB7429,01,6613967,2016-06-01 00:00:00.000,A,CT,203,CHAS START,1,CCURREN,2016-06-01 12:19:36.080,SVXINPUP
017,JA5084,01,6614032,2016-06-01 00:00:00.000,A,CT,203,CHAS START,1,CCURREN,2016-06-01 12:21:03.857,SVXINPUP
017,JA5218,01,6614031,2016-06-01 00:00:00.000,A,MM,203,CHAS START,1,CCURREN,2016-06-01 12:21:03.827,SVXINPUP
017,HZ5902,01,6614030,2016-06-01 00:00:00.000,A,MM,203,CHAS START,1,CCURREN,2016-06-01 12:21:03.820,SVXINPUP
017,JB9780,01,6614029,2016-06-01 00:00:00.000,A,MM,203,CHAS START,1,CCURREN,2016-06-01 12:21:03.810,SVXINPUP
017,JB9779,01,6614027,2016-06-01 00:00:00.000,A,MM,203,CHAS START,1,CCURREN,2016-06-01 12:20:06.107,SVXINPUP
017,HW2309,01,6614026,2016-06-01 00:00:00.000,A,MM,203,CHAS START,1,CCURREN,2016-06-01 12:20:06.103,SVXINPUP
017,JB9778,01,6614025,2016-06-01 00:00:00.000,A,MM,203,CHAS START,1,CCURREN,2016-06-01 12:20:06.100,SVXINPUP
017,HZ0153,01,6614023,2016-06-01 00:00:00.000,A,MM,203,CHAS START,1,CCURREN,2016-06-01 12:20:06.083,SVXINPUP
017,JB9777,01,6614022,2016-06-01 00:00:00.000,A,MM,203,CHAS START,1,CCURREN,2016-06-01 12:20:06.077,SVXINPUP
017,HZ5899,01,6614021,2016-06-01 00:00:00.000,A,MM,203,CHAS START,1,CCURREN,2016-06-01 12:20:06.060,SVXINPUP
017,HW3305,01,6614019,2016-06-01 00:00:00.000,A,CT,203,CHAS START,1,CCURREN,2016-06-01 12:20:06.010,SVXINPUP
017,HW2308,01,6614018,2016-06-01 00:00:00.000,A,MM,203,CHAS START,1,CCURREN,2016-06-01 12:20:06.007,SVXINPUP
017,JC0224,01,6614017,2016-06-01 00:00:00.000,A,CT,000,CHAS START,1,CCURREN,2016-06-01 12:20:06.003,SVXINPUP
017,HW2307,01,6614016,2016-06-01 00:00:00.000,A,MM,203,CHAS START,1,CCURREN,2016-06-01 12:20:05.997,SVXINPUP
017,HZ4761,01,6614015,2016-06-01 00:00:00.000,A,CT,203,CHAS START,1,CCURREN,2016-06-01 12:20:05.980,SVXINPUP
017,HW2306,01,6614014,2016-06-01 00:00:00.000,A,MM,203,CHAS START,1,CCURREN,2016-06-01 12:20:05.977,SVXINPUP
017,HW2305,01,6614013,2016-06-01 00:00:00.000,A,MM,203,CHAS START,1,CCURREN,2016-06-01 12:20:05.970,SVXINPUP
017,HW2304,01,6614012,2016-06-01 00:00:00.000,A,MM,203,CHAS START,1,CCURREN,2016-06-01 12:20:05.967,SVXINPUP
017,HW2303,01,6614010,2016-06-01 00:00:00.000,A,MM,203,CHAS START,1,CCURREN,2016-06-01 12:20:05.927,SVXINPUP
017,JB9776,01,6614009,2016-06-01 00:00:00.000,A,MM,203,CHAS START,1,CCURREN,2016-06-01 12:20:05.920,SVXINPUP
017,JB8426,01,6614007,2016-06-01 00:00:00.000,A,CT,203,CHAS START,1,CCURREN,2016-06-01 12:20:05.893,SVXINPUP
017,HW4133,01,6614006,2016-06-01 00:00:00.000,A,MM,203,CHAS START,1,CCURREN,2016-06-01 12:20:05.887,SVXINPUP
017,HY3260,01,6614005,2016-06-01 00:00:00.000,A,MM,203,CHAS START,1,CCURREN,2016-06-01 12:20:05.880,SVXINPUP
017,HX7206,01,6614004,2016-06-01 00:00:00.000,A,MM,203,CHAS START,1,CCURREN,2016-06-01 12:20:05.863,SVXINPUP
017,JB8273,01,6614003,2016-06-01 00:00:00.000,A,MM,203,CHAS START,1,CCURREN,2016-06-01 12:20:05.857,SVXINPUP
017,JB8604,01,6614002,2016-06-01 00:00:00.000,A,CT,203,CHAS START,1,CCURREN,2016-06-01 12:20:05.850,SVXINPUP
017,JB8522,01,6614001,2016-06-01 00:00:00.000,A,MM,999,CHAS START,1,CCURREN,2016-06-01 12:20:05.847,SVXINPUP
017,HV2481,01,6614000,2016-06-01 00:00:00.000,A,CT,203,CHAS START,1,CCURREN,2016-06-01 12:20:05.817,SVXINPUP
017,JB8671,01,6613998,2016-06-01 00:00:00.000,A,MM,203,CHAS START,1,CCURREN,2016-06-01 12:20:05.800,SVXINPUP
017,HW2740,03,6614066,2016-06-01 00:00:00.000,A,MM,203,CHAS COMPL,1,APMTHMS,2016-06-01 12:41:21.887,SVXINPUP
017,JB8104,03,6614103,2016-06-01 00:00:00.000,A,MM,000,CHAS COMPL,1,APMTHMS,2016-06-01 13:02:35.407,SVXINPUP
017,HY9043,03,6614094,2016-06-01 00:00:00.000,A,CT,203,CHAS COMPL,1,APMTHMS,2016-06-01 12:56:11.803,SVXINPUP
017,JA5250,32,6613537,2016-06-01 00:00:00.000,A,MM,203,CAB START,1,DINSCOE,2016-06-01 10:43:36.977,SVXINPUP
017,JB6830,03,6614113,2016-06-01 00:00:00.000,A,MM,203,CHAS COMPL,1,APMTHMS,2016-06-01 13:11:13.690,SVXINPUP
017,HX6134,03,6614110,2016-06-01 00:00:00.000,A,CT,000,CHAS COMPL,1,APMTHMS,2016-06-01 13:08:22.297,SVXINPUP
017,JB8638,DL,6614157,2016-06-01 00:00:00.000,A,MM,203,VEH DLVRY,1,MARTDAN,2016-06-01 13:35:45.493,SVXINPUP
017,HZ0228,DL,6614155,2016-06-01 00:00:00.000,A,MM,203,VEH DLVRY,1,MARTDAN,2016-06-01 13:35:25.647,SVXINPUP
017,HX6726,03,6614154,2016-06-01 00:00:00.000,A,MM,203,CHAS COMPL,1,APMTHMS,2016-06-01 13:35:11.317,SVXINPUP
017,HZ3856,03,6614142,2016-06-01 00:00:00.000,A,MM,203,CHAS COMPL,1,APMTHMS,2016-06-01 13:29:11.497,SVXINPUP
017,HZ3839,DL,6614136,2016-06-01 00:00:00.000,A,MM,203,VEH DLVRY,1,MARTDAN,2016-06-01 13:25:06.457,SVXINPUP
017,HW9393,DL,6614183,2016-06-01 00:00:00.000,A,MM,203,VEH DLVRY,1,DCALVER,2016-06-01 13:48:11.450,SVXINPUP
017,HW4126,03,6614180,2016-06-01 00:00:00.000,A,MM,203,CHAS COMPL,1,APMTHMS,2016-06-01 13:47:11.633,SVXINPUP
017,JB8037,03,6614171,2016-06-01 00:00:00.000,A,MM,203,CHAS COMPL,1,APMTHMS,2016-06-01 13:41:11.087,SVXINPUP
017,JA7237,01,6614028,2016-06-01 00:00:00.000,A,CT,000,CHAS START,1,CCURREN,2016-06-01 12:21:03.793,SVXINPUP
017,JA7236,01,6614011,2016-06-01 00:00:00.000,A,CT,000,CHAS START,1,CCURREN,2016-06-01 12:20:05.953,SVXINPUP
017,JA3489,03,6614199,2016-06-01 00:00:00.000,A,MM,203,CHAS COMPL,1,APMTHMS,2016-06-01 13:59:11.753,SVXINPUP
017,HY3287,DL,6614229,2016-06-01 00:00:00.000,A,CT,203,VEH DLVRY,1,GSIGLE,2016-06-01 14:16:08.743,SVXINPUP
017,HZ3927,DL,6614224,2016-06-01 00:00:00.000,A,MM,203,VEH DLVRY,1,DCALVER,2016-06-01 14:14:46.413,SVXINPUP
017,JB7999,03,6614213,2016-06-01 00:00:00.000,A,MM,203,CHAS COMPL,1,APMTHMS,2016-06-01 14:08:12.067,SVXINPUP
017,HZ3841,DL,6614271,2016-06-01 00:00:00.000,A,MM,203,VEH DLVRY,1,MARTDAN,2016-06-01 14:26:07.150,SVXINPUP
017,JB8040,03,6614311,2016-06-01 00:00:00.000,A,MM,203,CHAS COMPL,1,APMTHMS,2016-06-01 14:50:11.050,SVXINPUP
017,JB7998,03,6614294,2016-06-01 00:00:00.000,A,MM,203,CHAS COMPL,1,APMTHMS,2016-06-01 14:38:11.110,SVXINPUP
017,JA5185,DL,6614335,2016-06-01 00:00:00.000,A,MM,203,VEH DLVRY,1,RMCDOWE,2016-06-01 15:04:17.347,SVXINPUP
017,HX6720,DL,6614334,2016-06-01 00:00:00.000,A,MM,203,VEH DLVRY,1,RMCDOWE,2016-06-01 15:04:03.687,SVXINPUP
017,HW9388,DL,6614333,2016-06-01 00:00:00.000,A,MM,203,VEH DLVRY,1,RMCDOWE,2016-06-01 15:03:49.047,SVXINPUP
017,HZ3842,03,6614330,2016-06-01 00:00:00.000,A,MM,203,CHAS COMPL,1,APMTHMS,2016-06-01 15:02:11.547,SVXINPUP
017,JB8512,DL,6614407,2016-06-01 00:00:00.000,A,MM,999,VEH DLVRY,1,DCALVER,2016-06-01 15:45:30.010,SVXINPUP
017,JB5298,03,6614403,2016-06-01 00:00:00.000,A,MM,203,CHAS COMPL,1,APMTHMS,2016-06-01 15:44:11.493,SVXINPUP
017,JB6818,DL,6614394,2016-06-01 00:00:00.000,A,MM,203,VEH DLVRY,1,DCALVER,2016-06-01 15:41:07.747,SVXINPUP
017,HT3028,03,6614387,2016-06-01 00:00:00.000,A,MM,203,CHAS COMPL,1,APMTHMS,2016-06-01 15:35:11.337,SVXINPUP
017,HW2711,03,6614382,2016-06-01 00:00:00.000,A,MM,203,CHAS COMPL,1,APMTHMS,2016-06-01 15:32:10.587,SVXINPUP
017,JB6838,03,6614369,2016-06-01 00:00:00.000,A,CT,203,CHAS COMPL,1,APMTHMS,2016-06-01 15:23:24.287,SVXINPUP
017,JB8067,DL,6614359,2016-06-01 00:00:00.000,A,MM,203,VEH DLVRY,1,GSIGLE,2016-06-01 15:16:33.167,SVXINPUP
017,JB4937,DL,6614354,2016-06-01 00:00:00.000,A,MM,203,VEH DLVRY,1,DAVCHRI,2016-06-01 15:14:27.853,SVXINPUP
017,HW2741,03,6614352,2016-06-01 00:00:00.000,A,MM,203,CHAS COMPL,1,APMTHMS,2016-06-01 15:14:10.097,SVXINPUP
017,HW2738,DL,6614348,2016-06-01 00:00:00.000,A,MM,203,VEH DLVRY,1,RMCDOWE,2016-06-01 15:12:36.130,SVXINPUP
017,JB8275,DL,6614341,2016-06-01 00:00:00.000,A,MM,203,VEH DLVRY,1,DCALVER,2016-06-01 15:06:54.460,SVXINPUP
017,HW1715,03,6614446,2016-06-01 00:00:00.000,A,CT,000,CHAS COMPL,1,APMTHMS,2016-06-01 16:11:11.577,SVXINPUP
017,JB2289,03,6614435,2016-06-01 00:00:00.000,A,MM,203,CHAS COMPL,1,APMTHMS,2016-06-01 16:05:16.793,SVXINPUP
017,JB7100,03,6614433,2016-06-01 00:00:00.000,A,CT,203,CHAS COMPL,1,APMTHMS,2016-06-01 16:02:11.167,SVXINPUP
017,HW2736,DL,6614427,2016-06-01 00:00:00.000,A,MM,203,VEH DLVRY,1,DAVCHRI,2016-06-01 15:58:20.147,SVXINPUP
017,HW4127,03,6614415,2016-06-01 00:00:00.000,A,MM,203,CHAS COMPL,1,APMTHMS,2016-06-01 15:50:12.700,SVXINPUP
017,JB5299,03,6614489,2016-06-01 00:00:00.000,A,MM,203,CHAS COMPL,1,APMTHMS,2016-06-01 16:29:11.547,SVXINPUP
017,HZ3928,03,6614484,2016-06-01 00:00:00.000,A,MM,203,CHAS COMPL,1,APMTHMS,2016-06-01 16:23:09.677,SVXINPUP
017,JA4126,DL,6614564,2016-06-01 00:00:00.000,A,CT,203,VEH DLVRY,1,RMCDOWE,2016-06-01 17:47:33.827,SVXINPUP
017,JB8301,03,6614560,2016-06-01 00:00:00.000,A,CT,203,CHAS COMPL,1,APMTHMS,2016-06-01 17:44:11.780,SVXINPUP
017,HX7148,03,6614550,2016-06-01 00:00:00.000,A,CT,000,CHAS COMPL,1,APMTHMS,2016-06-01 17:35:36.807,SVXINPUP
017,JB8276,03,6614549,2016-06-01 00:00:00.000,A,MM,203,CHAS COMPL,1,APMTHMS,2016-06-01 17:35:15.850,SVXINPUP
017,JB6839,03,6614533,2016-06-01 00:00:00.000,A,CT,203,CHAS COMPL,1,APMTHMS,2016-06-01 17:17:11.190,SVXINPUP
017,JB5300,03,6614529,2016-06-01 00:00:00.000,A,MM,203,CHAS COMPL,1,APMTHMS,2016-06-01 17:14:10.530,SVXINPUP
017,JB7184,03,6614589,2016-06-01 00:00:00.000,A,MM,203,CHAS COMPL,1,APMTHMS,2016-06-01 18:08:15.117,SVXINPUP
017,HZ3843,03,6614586,2016-06-01 00:00:00.000,A,MM,203,CHAS COMPL,1,APMTHMS,2016-06-01 18:05:18.713,SVXINPUP
017,HW2685,DL,6614574,2016-06-01 00:00:00.000,A,MM,203,VEH DLVRY,1,DCALVER,2016-06-01 17:53:56.480,SVXINPUP
017,JB8048,03,6614572,2016-06-01 00:00:00.000,A,MM,203,CHAS COMPL,1,APMTHMS,2016-06-01 17:53:11.717,SVXINPUP
017,HW2740,DL,6614650,2016-06-01 00:00:00.000,A,MM,203,VEH DLVRY,1,JF04439,2016-06-01 18:49:41.143,SVXINPUP
017,JB8670,03,6614639,2016-06-01 00:00:00.000,A,MM,203,CHAS COMPL,1,APMTHMS,2016-06-01 18:38:11.863,SVXINPUP
017,JB8423,DL,6614637,2016-06-01 00:00:00.000,A,CT,203,VEH DLVRY,1,RMCDOWE,2016-06-01 18:35:42.923,SVXINPUP
017,JB8270,DL,6614630,2016-06-01 00:00:00.000,A,CT,000,VEH DLVRY,1,GSIGLE,2016-06-01 18:32:40.710,SVXINPUP
017,JB6840,03,6614627,2016-06-01 00:00:00.000,A,CT,203,CHAS COMPL,1,APMTHMS,2016-06-01 18:29:31.210,SVXINPUP
017,HW4128,03,6614626,2016-06-01 00:00:00.000,A,MM,203,CHAS COMPL,1,APMTHMS,2016-06-01 18:29:11.020,SVXINPUP
017,JB8602,03,6614687,2016-06-01 00:00:00.000,A,MM,203,CHAS COMPL,1,APMTHMS,2016-06-01 19:17:33.670,SVXINPUP
017,JB8517,03,6614686,2016-06-01 00:00:00.000,A,MM,999,CHAS COMPL,1,APMTHMS,2016-06-01 19:17:11.880,SVXINPUP
017,HW4123,DL,6614685,2016-06-01 00:00:00.000,A,MM,203,VEH DLVRY,1,DAVCHRI,2016-06-01 19:16:38.617,SVXINPUP
017,JB8104,DL,6614683,2016-06-01 00:00:00.000,A,MM,000,VEH DLVRY,1,RMCDOWE,2016-06-01 19:15:12.153,SVXINPUP
017,JB7794,DL,6614680,2016-06-01 00:00:00.000,A,MM,203,VEH DLVRY,1,RMCDOWE,2016-06-01 19:12:02.147,SVXINPUP
017,JB5297,DL,6614660,2016-06-01 00:00:00.000,A,MM,203,VEH DLVRY,1,GSIGLE,2016-06-01 18:55:54.560,SVXINPUP
017,JB6827,DL,6614659,2016-06-01 00:00:00.000,A,CT,203,VEH DLVRY,1,DCALVER,2016-06-01 18:55:40.157,SVXINPUP
017,JB7101,03,6614656,2016-06-01 00:00:00.000,A,CT,203,CHAS COMPL,1,APMTHMS,2016-06-01 18:53:11.190,SVXINPUP
017,HW2310,32,6614764,2016-06-01 00:00:00.000,A,MM,203,CAB START,1,CGRANTJ,2016-06-01 20:13:00.670,SVXINPUP
017,JB9864,32,6614763,2016-06-01 00:00:00.000,A,MM,000,CAB START,1,CGRANTJ,2016-06-01 20:13:00.667,SVXINPUP
017,JB9863,32,6614761,2016-06-01 00:00:00.000,A,MM,000,CAB START,1,CGRANTJ,2016-06-01 20:13:00.660,SVXINPUP
017,HZ5905,32,6614759,2016-06-01 00:00:00.000,A,MM,203,CAB START,1,CGRANTJ,2016-06-01 20:13:00.603,SVXINPUP
017,JB8516,DL,6614757,2016-06-01 00:00:00.000,A,MM,999,VEH DLVRY,1,JF04439,2016-06-01 20:12:02.913,SVXINPUP
017,HH6654,DL,6614756,2016-06-01 00:00:00.000,A,MM,203,VEH DLVRY,1,RMCDOWE,2016-06-01 20:11:06.723,SVXINPUP
017,JB7429,03,6614746,2016-06-01 00:00:00.000,A,CT,203,CHAS COMPL,1,APMTHMS,2016-06-01 20:05:12.937,SVXINPUP
017,JB7807,03,6614738,2016-06-01 00:00:00.000,A,CT,203,CHAS COMPL,1,APMTHMS,2016-06-01 20:02:48.803,SVXINPUP
017,JB8478,03,6614737,2016-06-01 00:00:00.000,A,MM,203,CHAS COMPL,1,APMTHMS,2016-06-01 20:02:28.137,SVXINPUP
017,JB8603,03,6614735,2016-06-01 00:00:00.000,A,MM,203,CHAS COMPL,1,APMTHMS,2016-06-01 19:56:10.850,SVXINPUP
017,JB6830,DL,6614729,2016-06-01 00:00:00.000,A,MM,203,VEH DLVRY,1,DAVCHRI,2016-06-01 19:51:14.690,SVXINPUP
017,JB8105,03,6614712,2016-06-01 00:00:00.000,A,MM,000,CHAS COMPL,1,APMTHMS,2016-06-01 19:35:20.100,SVXINPUP
017,HX6725,DL,6614709,2016-06-01 00:00:00.000,A,MM,203,VEH DLVRY,1,JF04439,2016-06-01 19:33:32.843,SVXINPUP
017,HZ3929,03,6614702,2016-06-01 00:00:00.000,A,MM,203,CHAS COMPL,1,APMTHMS,2016-06-01 19:29:10.860,SVXINPUP
017,JB5609,DL,6614701,2016-06-01 00:00:00.000,A,CT,203,VEH DLVRY,1,JF04439,2016-06-01 19:28:55.170,SVXINPUP
017,JB9760,32,6614797,2016-06-01 00:00:00.000,A,MM,203,CAB START,1,CGRANTJ,2016-06-01 20:14:24.057,SVXINPUP
017,JB9794,32,6614796,2016-06-01 00:00:00.000,A,MM,203,CAB START,1,CGRANTJ,2016-06-01 20:14:24.057,SVXINPUP
017,JB7470,32,6614795,2016-06-01 00:00:00.000,A,MM,203,CAB START,1,CGRANTJ,2016-06-01 20:14:24.050,SVXINPUP
017,HT3033,32,6614793,2016-06-01 00:00:00.000,A,MM,203,CAB START,1,CGRANTJ,2016-06-01 20:14:24.033,SVXINPUP
017,JA8934,32,6614792,2016-06-01 00:00:00.000,A,MM,000,CAB START,1,CGRANTJ,2016-06-01 20:14:24.030,SVXINPUP
017,JB9966,32,6614791,2016-06-01 00:00:00.000,A,MM,203,CAB START,1,CGRANTJ,2016-06-01 20:14:24.027,SVXINPUP
017,JB9426,32,6614790,2016-06-01 00:00:00.000,A,MM,203,CAB START,1,CGRANTJ,2016-06-01 20:14:24.020,SVXINPUP
017,JB4875,32,6614789,2016-06-01 00:00:00.000,A,MM,203,CAB START,1,CGRANTJ,2016-06-01 20:14:24.017,SVXINPUP
017,S14354,32,6614787,2016-06-01 00:00:00.000,A,MM,203,CAB START,1,CGRANTJ,2016-06-01 20:14:23.963,SVXINPUP
017,HZ5907,32,6614786,2016-06-01 00:00:00.000,A,MM,203,CAB START,1,CGRANTJ,2016-06-01 20:14:23.957,SVXINPUP
017,JB9793,32,6614785,2016-06-01 00:00:00.000,A,MM,203,CAB START,1,CGRANTJ,2016-06-01 20:14:23.953,SVXINPUP
017,JB9425,32,6614784,2016-06-01 00:00:00.000,A,MM,203,CAB START,1,CGRANTJ,2016-06-01 20:14:23.947,SVXINPUP
017,JB9792,32,6614783,2016-06-01 00:00:00.000,A,MM,203,CAB START,1,CGRANTJ,2016-06-01 20:14:23.943,SVXINPUP
017,JB5220,32,6614782,2016-06-01 00:00:00.000,A,MM,203,CAB START,1,CGRANTJ,2016-06-01 20:14:23.940,SVXINPUP
017,JA8933,32,6614781,2016-06-01 00:00:00.000,A,MM,000,CAB START,1,CGRANTJ,2016-06-01 20:14:23.937,SVXINPUP
017,JB4874,32,6614780,2016-06-01 00:00:00.000,A,MM,203,CAB START,1,CGRANTJ,2016-06-01 20:14:23.933,SVXINPUP
017,HZ5906,32,6614779,2016-06-01 00:00:00.000,A,MM,203,CAB START,1,CGRANTJ,2016-06-01 20:14:23.930,SVXINPUP
017,JB9791,32,6614778,2016-06-01 00:00:00.000,A,MM,203,CAB START,1,CGRANTJ,2016-06-01 20:14:23.910,SVXINPUP
017,JB4873,32,6614775,2016-06-01 00:00:00.000,A,MM,203,CAB START,1,CGRANTJ,2016-06-01 20:13:00.780,SVXINPUP
017,JB9250,32,6614773,2016-06-01 00:00:00.000,A,MM,203,CAB START,1,CGRANTJ,2016-06-01 20:13:00.770,SVXINPUP
017,JA4998,32,6614772,2016-06-01 00:00:00.000,A,MM,203,CAB START,1,CGRANTJ,2016-06-01 20:13:00.757,SVXINPUP
017,JA4664,32,6614771,2016-06-01 00:00:00.000,A,MM,203,CAB START,1,CGRANTJ,2016-06-01 20:13:00.747,SVXINPUP
017,JA8932,32,6614769,2016-06-01 00:00:00.000,A,MM,000,CAB START,1,CGRANTJ,2016-06-01 20:13:00.727,SVXINPUP
017,JB5219,32,6614768,2016-06-01 00:00:00.000,A,MM,203,CAB START,1,CGRANTJ,2016-06-01 20:13:00.723,SVXINPUP
017,JB9790,32,6614767,2016-06-01 00:00:00.000,A,MM,203,CAB START,1,CGRANTJ,2016-06-01 20:13:00.720,SVXINPUP
017,HW2311,32,6614765,2016-06-01 00:00:00.000,A,MM,203,CAB START,1,CGRANTJ,2016-06-01 20:13:00.690,SVXINPUP
017,HW4117,DL,6614823,2016-06-01 00:00:00.000,A,MM,203,VEH DLVRY,1,DAVCHRI,2016-06-01 20:34:37.947,SVXINPUP
017,HZ3844,03,6614813,2016-06-01 00:00:00.000,A,MM,203,CHAS COMPL,1,JF05640,2016-06-01 20:29:06.170,SVXINPUP
017,JB8099,DL,6614802,2016-06-01 00:00:00.000,A,MM,203,VEH DLVRY,1,DCALVER,2016-06-01 20:17:42.043,SVXINPUP
017,HH6653,DL,6615011,2016-06-01 00:00:00.000,A,MM,203,VEH DLVRY,1,DAVCHRI,2016-06-01 21:26:25.910,SVXINPUP
017,JB5238,DL,6615009,2016-06-01 00:00:00.000,A,MM,203,VEH DLVRY,1,DCALVER,2016-06-01 21:26:14.860,SVXINPUP
017,JB9784,01,6615230,2016-06-02 00:00:00.000,A,MM,203,CHAS START,1,JF11647,2016-06-02 01:18:13.990,SVXINPUP
017,JB9783,01,6615228,2016-06-02 00:00:00.000,A,MM,203,CHAS START,1,JF11647,2016-06-02 01:18:13.957,SVXINPUP
017,JA5250,01,6615227,2016-06-02 00:00:00.000,A,MM,203,CHAS START,1,JF11647,2016-06-02 01:18:13.930,SVXINPUP
017,JA8919,01,6615226,2016-06-02 00:00:00.000,A,MM,000,CHAS START,1,JF11647,2016-06-02 01:18:13.920,SVXINPUP
017,JB9245,01,6615225,2016-06-02 00:00:00.000,A,CT,000,CHAS START,1,JF11647,2016-06-02 01:18:13.910,SVXINPUP
017,JB4872,01,6615224,2016-06-02 00:00:00.000,A,MM,203,CHAS START,1,JF11647,2016-06-02 01:18:13.907,SVXINPUP
017,HW3310,01,6615223,2016-06-02 00:00:00.000,A,MM,203,CHAS START,1,JF11647,2016-06-02 01:18:13.907,SVXINPUP
017,JB4871,01,6615222,2016-06-02 00:00:00.000,A,MM,203,CHAS START,1,JF11647,2016-06-02 01:18:13.903,SVXINPUP
017,JB9782,01,6615220,2016-06-02 00:00:00.000,A,MM,203,CHAS START,1,JF11647,2016-06-02 01:18:13.877,SVXINPUP
017,JB9912,01,6615218,2016-06-02 00:00:00.000,A,MM,203,CHAS START,1,JF11647,2016-06-02 01:18:13.807,SVXINPUP
017,HZ5903,01,6615217,2016-06-02 00:00:00.000,A,MM,203,CHAS START,1,JF11647,2016-06-02 01:18:13.767,SVXINPUP
017,JB4870,01,6615216,2016-06-02 00:00:00.000,A,MM,203,CHAS START,1,JF11647,2016-06-02 01:18:03.183,SVXINPUP
017,JB8098,01,6615214,2016-06-02 00:00:00.000,A,MM,203,CHAS START,1,JF11647,2016-06-02 01:18:03.160,SVXINPUP
017,JA8918,01,6615212,2016-06-02 00:00:00.000,A,MM,000,CHAS START,1,JF11647,2016-06-02 01:18:03.127,SVXINPUP
017,JA6848,01,6615211,2016-06-02 00:00:00.000,A,CT,203,CHAS START,1,JF11647,2016-06-02 01:18:03.110,SVXINPUP
017,JB4869,01,6615210,2016-06-02 00:00:00.000,A,MM,203,CHAS START,1,JF11647,2016-06-02 01:18:03.087,SVXINPUP
017,JA5126,01,6615209,2016-06-02 00:00:00.000,A,MM,203,CHAS START,1,JF11647,2016-06-02 01:18:03.073,SVXINPUP
017,HZ0145,01,6615208,2016-06-02 00:00:00.000,A,MM,203,CHAS START,1,JF11647,2016-06-02 01:18:03.037,SVXINPUP
017,HW3309,01,6615207,2016-06-02 00:00:00.000,A,MM,203,CHAS START,1,JF11647,2016-06-02 01:18:02.997,SVXINPUP
017,JA6832,01,6615205,2016-06-02 00:00:00.000,A,CT,203,CHAS START,1,JF11647,2016-06-02 01:18:02.930,SVXINPUP
017,JB9781,01,6615204,2016-06-02 00:00:00.000,A,MM,203,CHAS START,1,JF11647,2016-06-02 01:18:02.887,SVXINPUP
017,JA5761,DL,6615358,2016-06-02 00:00:00.000,A,CT,203,VEH DLVRY,1,ROLYON,2016-06-02 03:46:05.647,SVXINPUP
017,HW4120,DL,6615373,2016-06-02 00:00:00.000,A,MM,203,VEH DLVRY,1,YROBERT,2016-06-02 03:54:06.973,SVXINPUP
017,JB7673,03,6615370,2016-06-02 00:00:00.000,A,MM,203,CHAS COMPL,1,APMTHMS,2016-06-02 03:53:13.093,SVXINPUP
017,JB8097,03,6615395,2016-06-02 00:00:00.000,A,MM,203,CHAS COMPL,1,APMTHMS,2016-06-02 04:05:12.057,SVXINPUP
017,HW4131,03,6615402,2016-06-02 00:00:00.000,A,MM,203,CHAS COMPL,1,APMTHMS,2016-06-02 04:08:11.727,SVXINPUP
017,HW4124,DL,6615444,2016-06-02 00:00:00.000,A,MM,203,VEH DLVRY,1,JF05492,2016-06-02 04:25:40.933,SVXINPUP
017,JB8000,DL,6615458,2016-06-02 00:00:00.000,A,MM,203,VEH DLVRY,1,JF04439,2016-06-02 04:27:47.833,SVXINPUP
017,JB8302,03,6615477,2016-06-02 00:00:00.000,A,CT,203,CHAS COMPL,1,APMTHMS,2016-06-02 04:32:11.717,SVXINPUP
017,HX6727,03,6615530,2016-06-02 00:00:00.000,A,MM,203,CHAS COMPL,1,APMTHMS,2016-06-02 04:53:29.983,SVXINPUP
017,JB8519,03,6615526,2016-06-02 00:00:00.000,A,MM,999,CHAS COMPL,1,APMTHMS,2016-06-02 04:53:11.263,SVXINPUP
017,JB8518,03,6615515,2016-06-02 00:00:00.000,A,MM,999,CHAS COMPL,1,APMTHMS,2016-06-02 04:47:31.520,SVXINPUP
017,JB6812,03,6615514,2016-06-02 00:00:00.000,A,MM,203,CHAS COMPL,1,APMTHMS,2016-06-02 04:47:12.123,SVXINPUP
017,JB7740,DL,6615498,2016-06-02 00:00:00.000,A,CT,000,VEH DLVRY,1,ROLYON,2016-06-02 04:40:34.253,SVXINPUP
017,HZ3856,DL,6615560,2016-06-02 00:00:00.000,A,MM,203,VEH DLVRY,1,ROLYON,2016-06-02 05:10:37.293,SVXINPUP
017,JB8520,03,6615541,2016-06-02 00:00:00.000,A,MM,999,CHAS COMPL,1,APMTHMS,2016-06-02 05:02:19.583,SVXINPUP
017,JB8001,DL,6615540,2016-06-02 00:00:00.000,A,MM,203,VEH DLVRY,1,JMH0116,2016-06-02 04:59:56.820,SVXINPUP
017,HT3028,DL,6615537,2016-06-02 00:00:00.000,A,MM,203,VEH DLVRY,1,JMH0116,2016-06-02 04:58:39.500,SVXINPUP
017,HX6726,DL,6615535,2016-06-02 00:00:00.000,A,MM,203,VEH DLVRY,1,JMH0116,2016-06-02 04:57:39.723,SVXINPUP
017,HY3259,01,6613997,2016-06-01 00:00:00.000,A,MM,203,CHAS START,1,CCURREN,2016-06-01 12:20:05.763,SVXINPUP
017,HZ3802,32,6613533,2016-06-01 00:00:00.000,A,MM,000,CAB START,1,DINSCOE,2016-06-01 10:43:36.950,SVXINPUP
017,JA7835,32,6614770,2016-06-01 00:00:00.000,A,MM,203,CAB START,1,CGRANTJ,2016-06-01 20:13:00.737,SVXINPUP
017,JB2288,DL,6613028,2016-06-01 00:00:00.000,A,MM,203,VEH DLVRY,1,JF05492,2016-06-01 06:15:23.350,SVXINPUP
017,JB8316,03,6615555,2016-06-02 00:00:00.000,A,MM,203,CHAS COMPL,1,APMTHMS,2016-06-02 05:08:13.120,SVXINPUP
017,JB4362,01,6615229,2016-06-02 00:00:00.000,A,MM,203,CHAS START,1,JF11647,2016-06-02 01:18:13.967,SVXINPUP
017,JB8326,DL,6614805,2016-06-01 00:00:00.000,A,CT,000,VEH DLVRY,1,GSIGLE,2016-06-01 20:19:40.487,SVXINPUP
017,JB8103,01,6613999,2016-06-01 00:00:00.000,A,MM,000,CHAS START,1,CCURREN,2016-06-01 12:20:05.807,SVXINPUP
017,JB8316,01,6613981,2016-06-01 00:00:00.000,A,MM,203,CHAS START,1,CCURREN,2016-06-01 12:19:36.207,SVXINPUP
017,JB4362,32,6613540,2016-06-01 00:00:00.000,A,MM,203,CAB START,1,DINSCOE,2016-06-01 10:43:37.110,SVXINPUP
017,JA8562,01,6614020,2016-06-01 00:00:00.000,A,MM,000,CHAS START,1,CCURREN,2016-06-01 12:20:06.037,SVXINPUP
017,JA8906,01,6615215,2016-06-02 00:00:00.000,A,CT,203,CHAS START,1,JF11647,2016-06-02 01:18:03.173,SVXINPUP
017,JB1373,DL,6614801,2016-06-01 00:00:00.000,A,CT,203,VEH DLVRY,1,GSIGLE,2016-06-01 20:17:30.790,SVXINPUP
017,JB1385,01,6615221,2016-06-02 00:00:00.000,A,MM,203,CHAS START,1,JF11647,2016-06-02 01:18:13.887,SVXINPUP
017,JA6525,01,6615206,2016-06-02 00:00:00.000,A,MM,203,CHAS START,1,JF11647,2016-06-02 01:18:02.967,SVXINPUP
017,JA6525,32,6613522,2016-06-01 00:00:00.000,A,MM,203,CAB START,1,DINSCOE,2016-06-01 10:43:36.830,SVXINPUP
017,JA8540,DL,6614396,2016-06-01 00:00:00.000,A,MM,203,VEH DLVRY,1,GSIGLE,2016-06-01 15:41:26.230,SVXINPUP
017,HZ9837,DL,6614285,2016-06-01 00:00:00.000,A,MM,203,VEH DLVRY,1,MARTDAN,2016-06-01 14:34:59.713,SVXINPUP
017,HW9384,DL,6612884,2016-06-01 00:00:00.000,A,MM,203,VEH DLVRY,1,JF05492,2016-06-01 04:56:53.983,SVXINPUP
017,HZ7404,01,6614008,2016-06-01 00:00:00.000,A,MM,203,CHAS START,1,CCURREN,2016-06-01 12:20:05.903,SVXINPUP
017,HL6125,03,6614777,2016-06-01 00:00:00.000,A,MM,203,CHAS COMPL,1,APMTHMS,2016-06-01 20:14:13.773,SVXINPUP
017,HL6125,01,6613971,2016-06-01 00:00:00.000,A,MM,203,CHAS START,1,CCURREN,2016-06-01 12:19:36.113,SVXINPUP
017,HL9233,32,6614762,2016-06-01 00:00:00.000,A,MM,000,CAB START,1,CGRANTJ,2016-06-01 20:13:00.667,SVXINPUP
017,HL9232,32,6614760,2016-06-01 00:00:00.000,A,MM,000,CAB START,1,CGRANTJ,2016-06-01 20:13:00.640,SVXINPUP
017,JB5834,DL,6612979,2016-06-01 00:00:00.000,A,MM,203,VEH DLVRY,1,JF05492,2016-06-01 05:44:08.607,SVXINPUP
017,HZ2555,DL,6615443,2016-06-02 00:00:00.000,A,MM,203,VEH DLVRY,1,JF04437,2016-06-02 04:23:33.240,SVXINPUP
017,JB3629,DL,6612760,2016-06-01 00:00:00.000,A,MM,203,VEH DLVRY,1,JF04439,2016-06-01 04:13:00.953,SVXINPUP
017,JA8917,01,6614024,2016-06-01 00:00:00.000,A,MM,000,CHAS START,1,CCURREN,2016-06-01 12:20:06.097,SVXINPUP
017,HZ2408,DL,6613234,2016-06-01 00:00:00.000,A,CT,203,VEH DLVRY,1,LCARRIE,2016-06-01 07:38:29.437,SVXINPUP
017,HY9222,03,6615374,2016-06-02 00:00:00.000,A,MM,203,CHAS COMPL,1,APMTHMS,2016-06-02 03:56:33.977,SVXINPUP
017,HY9222,01,6613974,2016-06-01 00:00:00.000,A,MM,203,CHAS START,1,CCURREN,2016-06-01 12:19:36.150,SVXINPUP
017,HZ1200,DL,6614517,2016-06-01 00:00:00.000,A,MM,203,VEH DLVRY,1,JF04439,2016-06-01 16:58:05.427,SVXINPUP
017,JB3631,DL,6613051,2016-06-01 00:00:00.000,A,MM,203,VEH DLVRY,1,JMH0116,2016-06-01 06:29:00.977,SVXINPUP
017,JB3632,DL,6612988,2016-06-01 00:00:00.000,A,MM,203,VEH DLVRY,1,LCARRIE,2016-06-01 05:50:56.857,SVXINPUP
017,JB3626,DL,6612765,2016-06-01 00:00:00.000,A,MM,203,VEH DLVRY,1,LCARRIE,2016-06-01 04:15:43.853,SVXINPUP
017,HL5984,32,6614794,2016-06-01 00:00:00.000,A,MM,203,CAB START,1,CGRANTJ,2016-06-01 20:14:24.047,SVXINPUP
017,HL5983,32,6614766,2016-06-01 00:00:00.000,A,MM,203,CAB START,1,CGRANTJ,2016-06-01 20:13:00.693,SVXINPUP
017,HY9376,DL,6613002,2016-06-01 00:00:00.000,A,MM,999,VEH DLVRY,1,LCARRIE,2016-06-01 05:59:12.913,SVXINPUP
017,JB5885,03,6614263,2016-06-01 00:00:00.000,A,MM,203,CHAS COMPL,1,APMTHMS,2016-06-01 14:23:10.937,SVXINPUP
017,JB3945,DL,6613437,2016-06-01 00:00:00.000,A,MM,203,VEH DLVRY,1,YROBERT,2016-06-01 10:04:27.330,SVXINPUP
017,JB5885,01,6612606,2016-06-01 00:00:00.000,A,MM,203,CHAS START,1,JF11647,2016-06-01 01:20:23.560,SVXINPUP
017,HZ5560,01,6615213,2016-06-02 00:00:00.000,A,MM,203,CHAS START,1,JF11647,2016-06-02 01:18:03.143,SVXINPUP
017,HZ5560,32,6613526,2016-06-01 00:00:00.000,A,MM,203,CAB START,1,DINSCOE,2016-06-01 10:43:36.883,SVXINPUP
017,JB5627,DL,6612737,2016-06-01 00:00:00.000,A,CT,203,VEH DLVRY,1,LCARRIE,2016-06-01 03:46:15.477,SVXINPUP
017,JA4128,DL,6614530,2016-06-01 00:00:00.000,A,CT,203,VEH DLVRY,1,DAVCHRI,2016-06-01 17:15:12.060,SVXINPUP
017,JB4279,32,6614774,2016-06-01 00:00:00.000,A,MM,203,CAB START,1,CGRANTJ,2016-06-01 20:13:00.773,SVXINPUP
017,HN1826,03,6614666,2016-06-01 00:00:00.000,A,CT,203,CHAS COMPL,1,APMTHMS,2016-06-01 18:59:11.560,SVXINPUP
017,HN1826,01,6613961,2016-06-01 00:00:00.000,A,CT,203,CHAS START,1,CCURREN,2016-06-01 12:19:35.973,SVXINPUP
017,HW4127,DL,6615538,2016-06-02 00:00:00.000,A,MM,203,VEH DLVRY,1,JF04437,2016-06-02 04:59:11.310,SVXINPUP
017,GW0326,DL,5848514,2015-05-26 00:00:00.000,A,MM,203,VEH DLVRY,1,JMH0116,2015-05-26 00:18:55.640,SVXINPUP
017,GY8610,01,6612608,2016-06-01 00:00:00.000,A,CT,000,CHAS START,1,JF11647,2016-06-01 01:20:23.720,SVXINPUP
017,GY8610,03,6614282,2016-06-01 00:00:00.000,A,CT,000,CHAS COMPL,1,APMTHMS,2016-06-01 14:32:11.383,SVXINPUP
017,HB6073,DL,5848506,2015-05-26 00:00:00.000,A,MM,203,VEH DLVRY,1,DCALVER,2015-05-26 00:12:55.370,SVXINPUP
017,HC1544,32,6614788,2016-06-01 00:00:00.000,A,MM,203,CAB START,1,CGRANTJ,2016-06-01 20:14:23.973,SVXINPUP
017,HC8229,DL,5848516,2015-05-26 00:00:00.000,A,MM,000,VEH DLVRY,1,JMH0116,2015-05-26 00:21:21.047,SVXINPUP
017,HF9026,DL,5848513,2015-05-26 00:00:00.000,A,MM,203,VEH DLVRY,1,JF11647,2015-05-26 00:18:43.263,SVXINPUP
017,HG6447,01,6612607,2016-06-01 00:00:00.000,A,MM,203,CHAS START,1,JF11647,2016-06-01 01:20:23.657,SVXINPUP
017,HG6448,01,6612609,2016-06-01 00:00:00.000,A,MM,203,CHAS START,1,JF11647,2016-06-01 01:20:23.760,SVXINPUP
017,HG6445,03,6612814,2016-06-01 00:00:00.000,A,MM,203,CHAS COMPL,1,APMTHMS,2016-06-01 04:44:16.957,SVXINPUP
017,HG6446,03,6612881,2016-06-01 00:00:00.000,A,MM,203,CHAS COMPL,1,APMTHMS,2016-06-01 04:56:30.933,SVXINPUP
017,HG6449,01,6613958,2016-06-01 00:00:00.000,A,MM,203,CHAS START,1,CCURREN,2016-06-01 12:19:35.900,SVXINPUP
017,HG6447,03,6614266,2016-06-01 00:00:00.000,A,MM,203,CHAS COMPL,1,APMTHMS,2016-06-01 14:23:30.500,SVXINPUP
017,HG6448,03,6614295,2016-06-01 00:00:00.000,A,MM,203,CHAS COMPL,1,APMTHMS,2016-06-01 14:38:29.810,SVXINPUP
017,HG6449,03,6614615,2016-06-01 00:00:00.000,A,MM,203,CHAS COMPL,1,APMTHMS,2016-06-01 18:20:13.937,SVXINPUP
017,HR3520,01,6615219,2016-06-02 00:00:00.000,A,CT,203,CHAS START,1,JF11647,2016-06-02 01:18:13.827,SVXINPUP
